BEGIN:VCALENDAR
BEGIN:VEVENT
STATUS:CONFIRMED
UID:jap_1
SUMMARY:元日 / Ganjitsu / New Year's Day
RRULE:FREQ=YEARLY;INTERVAL=1
DTSTART;VALUE=DATE:20070101
DTEND;VALUE=DATE:20070102
END:VEVENT
BEGIN:VEVENT
STATUS:CONFIRMED
UID:jap_2
SUMMARY:成人の日 / Seijin no hi / Coming-of-age Day
RRULE:FREQ=MONTHLY;INTERVAL=12;BYDAY=2MO
DTSTART;VALUE=DATE:20070108
DTEND;VALUE=DATE:20070109
END:VEVENT
BEGIN:VEVENT
STATUS:CONFIRMED
UID:jap_3
SUMMARY:建国記念の日 / Kenkoku kinen no hi / National Foundation 
RRULE:FREQ=YEARLY;INTERVAL=1
DTSTART;VALUE=DATE:20070211
DTEND;VALUE=DATE:20070212
END:VEVENT
BEGIN:VEVENT
STATUS:CONFIRMED
UID:jap_4
SUMMARY:昭和の日 / Shōwa no hi / Shōwa Day
RRULE:FREQ=YEARLY;INTERVAL=1
DTSTART;VALUE=DATE:20070429
DTEND;VALUE=DATE:20070430
END:VEVENT
BEGIN:VEVENT
STATUS:CONFIRMED
UID:jap_5
SUMMARY:憲法記念日 / Kenpō kinenbi / Constitution Memorial Day
RRULE:FREQ=YEARLY;INTERVAL=1
DTSTART;VALUE=DATE:20070503
DTEND;VALUE=DATE:20070504
END:VEVENT
BEGIN:VEVENT
STATUS:CONFIRMED
UID:jap_6
SUMMARY:みどりの日 / Midori no hi / Greenery Day
RRULE:FREQ=YEARLY;INTERVAL=1
DTSTART;VALUE=DATE:20070504
DTEND;VALUE=DATE:20070505
END:VEVENT
BEGIN:VEVENT
STATUS:CONFIRMED
UID:jap_7
SUMMARY:敬老の日 / Keirō no hi / Respect for the Aged Day
RRULE:FREQ=MONTHLY;INTERVAL=12;BYDAY=3MO
DTSTART;VALUE=DATE:20070917
DTEND;VALUE=DATE:20070918
END:VEVENT
BEGIN:VEVENT
STATUS:CONFIRMED
UID:jap_8
SUMMARY:こどもの日 / Kodomo no hi / Children's Day
RRULE:FREQ=YEARLY;INTERVAL=1
DTSTART;VALUE=DATE:20070505
DTEND;VALUE=DATE:20070506
END:VEVENT
BEGIN:VEVENT
STATUS:CONFIRMED
UID:jap_9
SUMMARY:海の日 / Umi no hi / Marine Day
RRULE:FREQ=MONTHLY;INTERVAL=12;BYDAY=3MO
DTSTART;VALUE=DATE:20070716
DTEND;VALUE=DATE:20070717
EXDATE:20200720,20210719
END:VEVENT
BEGIN:VEVENT
STATUS:CONFIRMED
UID:jap_10
SUMMARY:体育の日 / Taiiku no hi / Health-Sports Day
RRULE:FREQ=MONTHLY;INTERVAL=12;BYDAY=2MO;UNTIL=20191231
DTSTART;VALUE=DATE:20071008
DTEND;VALUE=DATE:20071009
END:VEVENT
BEGIN:VEVENT
STATUS:CONFIRMED
UID:jap_11
SUMMARY:文化の日 / Bunka no hi / Culture Day
RRULE:FREQ=YEARLY;INTERVAL=1
DTSTART;VALUE=DATE:20071103
DTEND;VALUE=DATE:20071104
END:VEVENT
BEGIN:VEVENT
STATUS:CONFIRMED
UID:jap_12
SUMMARY:勤労感謝の日 / Kinrō kansha no hi / Labour Thanksgiving 
RRULE:FREQ=YEARLY;INTERVAL=1
DTSTART;VALUE=DATE:20071123
DTEND;VALUE=DATE:20071124
END:VEVENT
BEGIN:VEVENT
STATUS:CONFIRMED
UID:jap_13
SUMMARY:天皇誕生日 / Tennō tanjōbi / Emperor Akihito's Birthday
RRULE:FREQ=YEARLY;INTERVAL=1;UNTIL=20190430
DTSTART;VALUE=DATE:20071223
DTEND;VALUE=DATE:20071224
END:VEVENT
BEGIN:VEVENT
STATUS:CONFIRMED
UID:jap_14
SUMMARY:春分の日 / Shunbun no hi / Vernal Equinox Day
RRULE:FREQ=YEARLY;COUNT=13;INTERVAL=4
DTSTART;VALUE=DATE:20070321
DTEND;VALUE=DATE:20070322
END:VEVENT
BEGIN:VEVENT
STATUS:CONFIRMED
UID:jap_15
SUMMARY:春分の日 / Shunbun no hi / Vernal Equinox Day
RRULE:FREQ=YEARLY;COUNT=21;INTERVAL=4
DTSTART;VALUE=DATE:20080320
DTEND;VALUE=DATE:20080321
END:VEVENT
BEGIN:VEVENT
STATUS:CONFIRMED
UID:jap_16
SUMMARY:春分の日 / Shunbun no hi / Vernal Equinox Day
RRULE:FREQ=YEARLY;COUNT=23;INTERVAL=4
DTSTART;VALUE=DATE:20090320
DTEND;VALUE=DATE:20090321
END:VEVENT
BEGIN:VEVENT
STATUS:CONFIRMED
UID:jap_17
SUMMARY:春分の日 / Shunbun no hi / Vernal Equinox Day
RRULE:FREQ=YEARLY;COUNT=4;INTERVAL=4
DTSTART;VALUE=DATE:20100321
DTEND;VALUE=DATE:20100322
END:VEVENT
BEGIN:VEVENT
STATUS:CONFIRMED
UID:jap_18
SUMMARY:秋分の日 / Shūbun no hi / Autumnal Equinox Day
RRULE:FREQ=YEARLY;COUNT=24;INTERVAL=4
DTSTART;VALUE=DATE:20070923
DTEND;VALUE=DATE:20070924
END:VEVENT
BEGIN:VEVENT
STATUS:CONFIRMED
UID:jap_19
SUMMARY:秋分の日 / Shūbun no hi / Autumnal Equinox Day
DTSTART;VALUE=DATE:20080923
DTEND;VALUE=DATE:20080924
END:VEVENT
BEGIN:VEVENT
STATUS:CONFIRMED
UID:jap_20
SUMMARY:秋分の日 / Shūbun no hi / Autumnal Equinox Day
RRULE:FREQ=YEARLY;COUNT=22;INTERVAL=4
DTSTART;VALUE=DATE:20120922
DTEND;VALUE=DATE:20120923
END:VEVENT
BEGIN:VEVENT
STATUS:CONFIRMED
UID:jap_21
SUMMARY:秋分の日 / Shūbun no hi / Autumnal Equinox Day
RRULE:FREQ=YEARLY;COUNT=9;INTERVAL=4
DTSTART;VALUE=DATE:20090923
DTEND;VALUE=DATE:20090924
END:VEVENT
BEGIN:VEVENT
STATUS:CONFIRMED
UID:jap_22
SUMMARY:秋分の日 / Shūbun no hi / Autumnal Equinox Day
RRULE:FREQ=YEARLY;COUNT=17;INTERVAL=4
DTSTART;VALUE=DATE:20100923
DTEND;VALUE=DATE:20100924
END:VEVENT
BEGIN:VEVENT
STATUS:CONFIRMED
UID:jap_23
SUMMARY:振替休日 / Furikae kyūjitsu / Substitute Holiday
DTSTART;VALUE=DATE:20070212
DTEND;VALUE=DATE:20070213
END:VEVENT
BEGIN:VEVENT
STATUS:CONFIRMED
UID:jap_24
SUMMARY:振替休日 / Furikae kyūjitsu / Substitute Holiday
DTSTART;VALUE=DATE:20070430
DTEND;VALUE=DATE:20070501
END:VEVENT
BEGIN:VEVENT
STATUS:CONFIRMED
UID:jap_25
SUMMARY:振替休日 / Furikae kyūjitsu / Substitute Holiday
DTSTART;VALUE=DATE:20070924
DTEND;VALUE=DATE:20070925
END:VEVENT
BEGIN:VEVENT
STATUS:CONFIRMED
UID:jap_26
SUMMARY:振替休日 / Furikae kyūjitsu / Substitute Holiday
DTSTART;VALUE=DATE:20071224
DTEND;VALUE=DATE:20071225
END:VEVENT
BEGIN:VEVENT
STATUS:CONFIRMED
UID:jap_27
SUMMARY:振替休日 / Furikae kyūjitsu / Substitute Holiday
DTSTART;VALUE=DATE:20080506
DTEND;VALUE=DATE:20080507
END:VEVENT
BEGIN:VEVENT
STATUS:CONFIRMED
UID:jap_28
SUMMARY:振替休日 / Furikae kyūjitsu / Substitute Holiday
DTSTART;VALUE=DATE:20081124
DTEND;VALUE=DATE:20081125
END:VEVENT
BEGIN:VEVENT
STATUS:CONFIRMED
UID:jap_29
SUMMARY:振替休日 / Furikae kyūjitsu / Substitute Holiday
DTSTART;VALUE=DATE:20090506
DTEND;VALUE=DATE:20090507
END:VEVENT
BEGIN:VEVENT
STATUS:CONFIRMED
UID:jap_30
SUMMARY:国民の休日 / Kokumin no kyūjitsu / National Holiday
DTSTART;VALUE=DATE:20090922
DTEND;VALUE=DATE:20090923
END:VEVENT
BEGIN:VEVENT
STATUS:CONFIRMED
UID:jap_31
SUMMARY:振替休日 / Furikae kyūjitsu / Substitute Holiday
DTSTART;VALUE=DATE:20100322
DTEND;VALUE=DATE:20100323
END:VEVENT
BEGIN:VEVENT
STATUS:CONFIRMED
UID:jap_32
SUMMARY:振替休日 / Furikae kyūjitsu / Substitute Holiday
DTSTART;VALUE=DATE:20120102
DTEND;VALUE=DATE:20120103
END:VEVENT
BEGIN:VEVENT
STATUS:CONFIRMED
UID:jap_33
SUMMARY:振替休日 / Furikae kyūjitsu / Substitute Holiday
DTSTART;VALUE=DATE:20120430
DTEND;VALUE=DATE:20120501
END:VEVENT
BEGIN:VEVENT
STATUS:CONFIRMED
UID:jap_34
SUMMARY:振替休日 / Furikae kyūjitsu / Substitute Holiday
DTSTART;VALUE=DATE:20121224
DTEND;VALUE=DATE:20121225
END:VEVENT
BEGIN:VEVENT
STATUS:CONFIRMED
UID:jap_35
SUMMARY:振替休日 / Furikae kyūjitsu / Substitute Holiday
DTSTART;VALUE=DATE:20130506
DTEND;VALUE=DATE:20130507
END:VEVENT
BEGIN:VEVENT
STATUS:CONFIRMED
UID:jap_36
SUMMARY:振替休日 / Furikae kyūjitsu / Substitute Holiday
DTSTART;VALUE=DATE:20131104
DTEND;VALUE=DATE:20131105
END:VEVENT
BEGIN:VEVENT
STATUS:CONFIRMED
UID:jap_37
SUMMARY:振替休日 / Furikae kyūjitsu / Substitute Holiday
DTSTART;VALUE=DATE:20140506
DTEND;VALUE=DATE:20140507
END:VEVENT
BEGIN:VEVENT
STATUS:CONFIRMED
UID:jap_38
SUMMARY:振替休日 / Furikae kyūjitsu / Substitute Holiday
DTSTART;VALUE=DATE:20141124
DTEND;VALUE=DATE:20141125
END:VEVENT
BEGIN:VEVENT
STATUS:CONFIRMED
UID:jap_39
SUMMARY:振替休日 / Furikae kyūjitsu / Substitute Holiday
DTSTART;VALUE=DATE:20150506
DTEND;VALUE=DATE:20150507
END:VEVENT
BEGIN:VEVENT
STATUS:CONFIRMED
UID:jap_40
SUMMARY:国民の休日 / Kokumin no kyūjitsu / National Holiday
DTSTART;VALUE=DATE:20150922
DTEND;VALUE=DATE:20150923
END:VEVENT
BEGIN:VEVENT
STATUS:CONFIRMED
UID:jap_41
SUMMARY:振替休日 / Furikae kyūjitsu / Substitute Holiday
DTSTART;VALUE=DATE:20160321
DTEND;VALUE=DATE:20160322
END:VEVENT
BEGIN:VEVENT
STATUS:CONFIRMED
UID:jap_42
SUMMARY:振替休日 / Furikae kyūjitsu / Substitute Holiday
DTSTART;VALUE=DATE:20170102
DTEND;VALUE=DATE:20170103
END:VEVENT
BEGIN:VEVENT
STATUS:CONFIRMED
UID:jap_43
SUMMARY:振替休日 / Furikae kyūjitsu / Substitute Holiday
DTSTART;VALUE=DATE:20180212
DTEND;VALUE=DATE:20180213
END:VEVENT
BEGIN:VEVENT
STATUS:CONFIRMED
UID:jap_44
SUMMARY:振替休日 / Furikae kyūjitsu / Substitute Holiday
DTSTART;VALUE=DATE:20180430
DTEND;VALUE=DATE:20180501
END:VEVENT
BEGIN:VEVENT
STATUS:CONFIRMED
UID:jap_45
SUMMARY:振替休日 / Furikae kyūjitsu / Substitute Holiday
DTSTART;VALUE=DATE:20180924
DTEND;VALUE=DATE:20180925
END:VEVENT
BEGIN:VEVENT
STATUS:CONFIRMED
UID:jap_46
SUMMARY:振替休日 / Furikae kyūjitsu / Substitute Holiday
DTSTART;VALUE=DATE:20181224
DTEND;VALUE=DATE:20181225
END:VEVENT
BEGIN:VEVENT
STATUS:CONFIRMED
UID:jap_47
SUMMARY:振替休日 / Furikae kyūjitsu / Substitute Holiday
DTSTART;VALUE=DATE:20190506
DTEND;VALUE=DATE:20190507
END:VEVENT
BEGIN:VEVENT
STATUS:CONFIRMED
UID:jap_48
SUMMARY:振替休日 / Furikae kyūjitsu / Substitute Holiday
DTSTART;VALUE=DATE:20191104
DTEND;VALUE=DATE:20191105
END:VEVENT
BEGIN:VEVENT
STATUS:CONFIRMED
UID:jap_49
SUMMARY:振替休日 / Furikae kyūjitsu / Substitute Holiday
DTSTART;VALUE=DATE:20200506
DTEND;VALUE=DATE:20200507
END:VEVENT
BEGIN:VEVENT
STATUS:CONFIRMED
UID:jap_50
SUMMARY:山の日 / Yama no hi / Mountain Day
RRULE:FREQ=YEARLY;INTERVAL=1
DTSTART;VALUE=DATE:20160811
DTEND;VALUE=DATE:20160812
EXDATE:20200811,20210811
END:VEVENT
BEGIN:VEVENT
STATUS:CONFIRMED
UID:jap_51
SUMMARY:振替休日 / Furikae kyūjitsu / Substitute Holiday
DTSTART;VALUE=DATE:20190812
DTEND;VALUE=DATE:20190813
END:VEVENT
BEGIN:VEVENT
STATUS:CONFIRMED
UID:jap_52
SUMMARY:振替休日 / Furikae kyūjitsu / Substitute Holiday
DTSTART;VALUE=DATE:20200224
DTEND;VALUE=DATE:20200225
END:VEVENT
BEGIN:VEVENT
STATUS:CONFIRMED
UID:jap_53
SUMMARY:振替休日 / Furikae kyūjitsu / Substitute Holiday
DTSTART;VALUE=DATE:20210809
DTEND;VALUE=DATE:20210810
END:VEVENT
BEGIN:VEVENT
STATUS:CONFIRMED
UID:jap_54
SUMMARY:国民の休日 / Kokumin no kyūjitsu / National Holiday
DTSTART;VALUE=DATE:20190430
DTEND;VALUE=DATE:20190501
END:VEVENT
BEGIN:VEVENT
STATUS:CONFIRMED
UID:jap_55
SUMMARY:国民の休日 / Kokumin no kyūjitsu / National Holiday
DTSTART;VALUE=DATE:20190502
DTEND;VALUE=DATE:20190503
END:VEVENT
BEGIN:VEVENT
STATUS:CONFIRMED
UID:jap_56
SUMMARY:即位礼正殿の儀 / Sokuireiseiden no gi
DTSTART;VALUE=DATE:20191022
DTEND;VALUE=DATE:20191023
END:VEVENT
BEGIN:VEVENT
STATUS:CONFIRMED
UID:jap_57
SUMMARY:即位の日 / Sokui no hi / Emperor Naruhito's Enthronement Day
DTSTART;VALUE=DATE:20190501
DTEND;VALUE=DATE:20190502
END:VEVENT
BEGIN:VEVENT
STATUS:CONFIRMED
UID:jap_58
SUMMARY:天皇誕生日 / Tennō tanjōbi / Emperor Naruhito's Birthday
RRULE:FREQ=YEARLY;INTERVAL=1
DTSTART;VALUE=DATE:20200223
DTEND;VALUE=DATE:20200224
END:VEVENT
BEGIN:VEVENT
STATUS:CONFIRMED
UID:jap_59
SUMMARY:海の日 / Umi no hi / Marine Day
DTSTART;VALUE=DATE:20200723
DTEND;VALUE=DATE:20200724
END:VEVENT
BEGIN:VEVENT
STATUS:CONFIRMED
UID:jap_60
SUMMARY:海の日 / Umi no hi / Marine Day
DTSTART;VALUE=DATE:20210722
DTEND;VALUE=DATE:20210723
END:VEVENT
BEGIN:VEVENT
STATUS:CONFIRMED
UID:jap_61
SUMMARY:山の日 / Yama no hi / Mountain Day
DTSTART;VALUE=DATE:20200810
DTEND;VALUE=DATE:20200811
END:VEVENT
BEGIN:VEVENT
STATUS:CONFIRMED
UID:jap_62
SUMMARY:山の日 / Yama no hi / Mountain Day
DTSTART;VALUE=DATE:20210808
DTEND;VALUE=DATE:20210809
END:VEVENT
BEGIN:VEVENT
STATUS:CONFIRMED
UID:jap_63
SUMMARY:スポーツの日 / Supōtu o hi / Sports Day
RRULE:FREQ=MONTHLY;INTERVAL=12;BYDAY=2MO
DTSTART;VALUE=DATE:20201012
DTEND;VALUE=DATE:20201013
EXDATE:20201012,20211011
END:VEVENT
BEGIN:VEVENT
STATUS:CONFIRMED
UID:jap_64
SUMMARY:スポーツの日 / Supōtu o hi / Sports Day
DTSTART;VALUE=DATE:20200724
DTEND;VALUE=DATE:20200725
END:VEVENT
BEGIN:VEVENT
STATUS:CONFIRMED
UID:jap_65
SUMMARY:スポーツの日 / Supōtu o hi / Sports Day
DTSTART;VALUE=DATE:20210723
DTEND;VALUE=DATE:20210724
END:VEVENT
BEGIN:VEVENT
STATUS:CONFIRMED
UID:jap_66
SUMMARY:春分の日 / Shunbun no hi / Vernal Equinox Day
RRULE:FREQ=YEARLY;COUNT=11;INTERVAL=4
DTSTART;VALUE=DATE:20590320
DTEND;VALUE=DATE:20590321
END:VEVENT
BEGIN:VEVENT
STATUS:CONFIRMED
UID:jap_67
SUMMARY:春分の日 / Shunbun no hi / Vernal Equinox Day
RRULE:FREQ=YEARLY;COUNT=2;INTERVAL=4
DTSTART;VALUE=DATE:20920319
DTEND;VALUE=DATE:20920320
END:VEVENT
BEGIN:VEVENT
STATUS:CONFIRMED
UID:jap_68
SUMMARY:春分の日 / Shunbun no hi / Vernal Equinox Day
RRULE:FREQ=YEARLY;COUNT=19;INTERVAL=4
DTSTART;VALUE=DATE:20260320
DTEND;VALUE=DATE:20260321
END:VEVENT
BEGIN:VEVENT
STATUS:CONFIRMED
UID:jap_69
SUMMARY:秋分の日 / Shūbun no hi / Autumnal Equinox Day
RRULE:FREQ=YEARLY;COUNT=14;INTERVAL=4
DTSTART;VALUE=DATE:20450922
DTEND;VALUE=DATE:20450923
END:VEVENT
BEGIN:VEVENT
STATUS:CONFIRMED
UID:jap_70
SUMMARY:秋分の日 / Shūbun no hi / Autumnal Equinox Day
RRULE:FREQ=YEARLY;COUNT=6;INTERVAL=4
DTSTART;VALUE=DATE:20780922
DTEND;VALUE=DATE:20780923
END:VEVENT
END:VCALENDAR
