BEGIN:VCALENDAR
BEGIN:VEVENT
STATUS:CONFIRMED
UID:{582c7073-0929-4c40-a716-ea41d8f87253}
SUMMARY:Święto Pracy
RRULE:FREQ=YEARLY
DTSTART;VALUE=DATE:20090501
DTEND;VALUE=DATE:20090502
END:VEVENT
BEGIN:VEVENT
STATUS:CONFIRMED
UID:{7a63afcc-13df-48f9-8ba7-3657a212cf6d}
SUMMARY:Wniebowzięcia NMP / Święto Wojska Polskiego
RRULE:FREQ=YEARLY
DTSTART;VALUE=DATE:20090815
DTEND;VALUE=DATE:20090816
END:VEVENT
BEGIN:VEVENT
STATUS:CONFIRMED
UID:9f012bc8-eaf7-4eb6-a6f0-f2afe3950989
SUMMARY:Boże Ciało
DTSTART;VALUE=DATE:20100603
DTEND;VALUE=DATE:20100604
END:VEVENT
BEGIN:VEVENT
STATUS:CONFIRMED
UID:6cb3bcd1-fe3c-423d-8333-282d660e43ba
SUMMARY:Wielkanoc
DTSTART;VALUE=DATE:20100404
DTEND;VALUE=DATE:20100405
END:VEVENT
BEGIN:VEVENT
STATUS:CONFIRMED
UID:{5c88bdef-b7d8-4cf7-b918-900ce4a346a3}
SUMMARY:Wszystkich Świętych
RRULE:FREQ=YEARLY
DTSTART;VALUE=DATE:20091101
DTEND;VALUE=DATE:20091102
END:VEVENT
BEGIN:VEVENT
STATUS:CONFIRMED
UID:b2a17d29-4cd9-429d-a2ea-6e62272be786
SUMMARY:Boże Ciało
DTSTART;VALUE=DATE:20090611
DTEND;VALUE=DATE:20090612
END:VEVENT
BEGIN:VEVENT
STATUS:CONFIRMED
UID:fae07949-5b1c-4ccc-88c3-df66afc553cc
SUMMARY:Wielkanoc
DTSTART;VALUE=DATE:20090412
DTEND;VALUE=DATE:20090413
END:VEVENT
BEGIN:VEVENT
STATUS:CONFIRMED
UID:{277dcc9c-5295-4d95-8a65-5cb978bf073a}
SUMMARY:Boże Narodzenie
RRULE:FREQ=YEARLY
DTSTART;VALUE=DATE:20091225
DTEND;VALUE=DATE:20091227
END:VEVENT
BEGIN:VEVENT
STATUS:CONFIRMED
UID:{28750805-c40a-4db2-b9f8-803ab4c30c16}
SUMMARY:Święto Narodowe Trzeciego Maja
RRULE:FREQ=YEARLY
DTSTART;VALUE=DATE:20090503
DTEND;VALUE=DATE:20090504
END:VEVENT
BEGIN:VEVENT
STATUS:CONFIRMED
UID:{9637e1da-f635-4bd4-a8ce-012fcf421fd2}
SUMMARY:Nowy rok
RRULE:FREQ=YEARLY
DTSTART;VALUE=DATE:20090101
DTEND;VALUE=DATE:20090102
END:VEVENT
BEGIN:VEVENT
STATUS:CONFIRMED
UID:{c2ffd0df-b7fa-49b8-baea-b5bfb0b30a02}
SUMMARY:Narodowe Święto Niepodległości
RRULE:FREQ=YEARLY
DTSTART;VALUE=DATE:20091111
DTEND;VALUE=DATE:20091112
END:VEVENT
BEGIN:VEVENT
STATUS:CONFIRMED
UID:{891776dc-6d0f-4fa4-89e6-e7d5a1f53053}
SUMMARY:Drugi dzień Bożego Narodzenia
RRULE:FREQ=YEARLY
DTSTART;VALUE=DATE:20091226
DTEND;VALUE=DATE:20091227
END:VEVENT
BEGIN:VEVENT
STATUS:CONFIRMED
UID:e8f60900-19f6-4495-91ab-09ff43abc9a3
SUMMARY:Poniedziałek Wielkanocny (Śmigus dyngus)
DTSTART;VALUE=DATE:20090413
DTEND;VALUE=DATE:20090414
END:VEVENT
BEGIN:VEVENT
STATUS:CONFIRMED
UID:ab5d9e3f-15f9-4a30-a472-0ea5eea73886
SUMMARY:Poniedziałek wielkanocny (Śmigus dyngus)
DTSTART;VALUE=DATE:20100405
DTEND;VALUE=DATE:20100406
END:VEVENT
BEGIN:VEVENT
STATUS:CONFIRMED
UID:0c81b2a1-26e9-4a53-969a-018ae7f22a53
SUMMARY:Wielkanoc
DTSTART;VALUE=DATE:20110424
DTEND;VALUE=DATE:20110425
END:VEVENT
BEGIN:VEVENT
STATUS:CONFIRMED
UID:ed478c52-76f7-43c1-b721-bdc3f4b6daac
SUMMARY:Wielkanoc
DTSTART;VALUE=DATE:20120408
DTEND;VALUE=DATE:20120409
END:VEVENT
BEGIN:VEVENT
STATUS:CONFIRMED
UID:fe760937-23a9-4d9e-963e-a7563bb33ef2
SUMMARY:Wielkanoc
DTSTART;VALUE=DATE:20130331
DTEND;VALUE=DATE:20130401
END:VEVENT
BEGIN:VEVENT
STATUS:CONFIRMED
UID:357b775f-6264-4e24-b296-68724ad4f663
SUMMARY:Wielkanoc
DTSTART;VALUE=DATE:20140420
DTEND;VALUE=DATE:20140421
END:VEVENT
BEGIN:VEVENT
STATUS:CONFIRMED
UID:c15281d9-9db9-4636-949e-4bf347f8fadb
SUMMARY:Wielkanoc
DTSTART;VALUE=DATE:20150405
DTEND;VALUE=DATE:20150406
END:VEVENT
BEGIN:VEVENT
STATUS:CONFIRMED
UID:900c5f1f-1ad9-41ca-bacb-25ad5844f06c
SUMMARY:Wielkanoc
DTSTART;VALUE=DATE:20160327
DTEND;VALUE=DATE:20160328
END:VEVENT
BEGIN:VEVENT
STATUS:CONFIRMED
UID:0a42d9d1-d0e5-4460-aaaa-734004a9392f
SUMMARY:Wielkanoc
DTSTART;VALUE=DATE:20170416
DTEND;VALUE=DATE:20170417
END:VEVENT
BEGIN:VEVENT
STATUS:CONFIRMED
UID:0fc4858b-f58d-4fa9-ab7a-95e71739f352
SUMMARY:Wielkanoc
DTSTART;VALUE=DATE:20180401
DTEND;VALUE=DATE:20180402
END:VEVENT
BEGIN:VEVENT
STATUS:CONFIRMED
UID:046a2f44-e53b-48bd-9a04-d61004e139e6
SUMMARY:Wielkanoc
DTSTART;VALUE=DATE:20190421
DTEND;VALUE=DATE:20190422
END:VEVENT
BEGIN:VEVENT
STATUS:CONFIRMED
UID:8cf02081-eb57-412a-901f-a9f1db4b3106
SUMMARY:Wielkanoc
DTSTART;VALUE=DATE:20200412
DTEND;VALUE=DATE:20200413
END:VEVENT
BEGIN:VEVENT
STATUS:CONFIRMED
UID:26bc3399-93c6-45c5-9572-d8ab99736fed
SUMMARY:Poniedziałek wielkanocny (Śmigus dyngus)
DTSTART;VALUE=DATE:20110425
DTEND;VALUE=DATE:20110426
END:VEVENT
BEGIN:VEVENT
STATUS:CONFIRMED
UID:a829e469-75eb-4430-be3a-28f426e1c0f0
SUMMARY:Poniedziałek wielkanocny (Śmigus dyngus)
DTSTART;VALUE=DATE:20120409
DTEND;VALUE=DATE:20120410
END:VEVENT
BEGIN:VEVENT
STATUS:CONFIRMED
UID:b665aabb-f30a-4242-8bf7-9b63e138de82
SUMMARY:Poniedziałek wielkanocny (Śmigus dyngus)
DTSTART;VALUE=DATE:20130401
DTEND;VALUE=DATE:20130402
END:VEVENT
BEGIN:VEVENT
STATUS:CONFIRMED
UID:1c0d4456-7216-47c1-9b86-da5b9255ff7b
SUMMARY:Poniedziałek wielkanocny (Śmigus dyngus)
DTSTART;VALUE=DATE:20160328
DTEND;VALUE=DATE:20160329
END:VEVENT
BEGIN:VEVENT
STATUS:CONFIRMED
UID:a6b13708-ff2f-4d79-a507-74280673be16
SUMMARY:Poniedziałek wielkanocny (Śmigus dyngus)
DTSTART;VALUE=DATE:20150406
DTEND;VALUE=DATE:20150407
END:VEVENT
BEGIN:VEVENT
STATUS:CONFIRMED
UID:7fd8b687-fd85-411c-bee3-1417df627f12
SUMMARY:Poniedziałek wielkanocny (Śmigus dyngus)
DTSTART;VALUE=DATE:20170417
DTEND;VALUE=DATE:20170418
END:VEVENT
BEGIN:VEVENT
STATUS:CONFIRMED
UID:1a83a638-a9cc-4512-85e3-12ff321b4a59
SUMMARY:Poniedziałek wielkanocny (Śmigus dyngus)
DTSTART;VALUE=DATE:20180402
DTEND;VALUE=DATE:20180403
END:VEVENT
BEGIN:VEVENT
STATUS:CONFIRMED
UID:39c19ab0-32a4-4614-a297-39bac5a39a5f
SUMMARY:Poniedziałek wielkanocny (Śmigus dyngus)
DTSTART;VALUE=DATE:20190422
DTEND;VALUE=DATE:20190423
END:VEVENT
BEGIN:VEVENT
STATUS:CONFIRMED
UID:d20e2984-edb7-4dad-99e0-e871eea71c62
SUMMARY:Poniedziałek wielkanocny (Śmigus dyngus)
DTSTART;VALUE=DATE:20200413
DTEND;VALUE=DATE:20200414
END:VEVENT
BEGIN:VEVENT
STATUS:CONFIRMED
UID:07efaf6a-83af-4944-a127-5017b83d7fa8
SUMMARY:Poniedziałek wielkanocny (Śmigus dyngus)
DTSTART;VALUE=DATE:20140421
DTEND;VALUE=DATE:20140422
END:VEVENT
BEGIN:VEVENT
STATUS:CONFIRMED
UID:681204c6-ff11-4ad0-9508-fe34f843cb7b
SUMMARY:Boże Ciało
DTSTART;VALUE=DATE:20110623
DTEND;VALUE=DATE:20110624
END:VEVENT
BEGIN:VEVENT
STATUS:CONFIRMED
UID:4f6b503d-955c-49d0-b106-3d939bb7ee15
SUMMARY:Boże Ciało
DTSTART;VALUE=DATE:20120607
DTEND;VALUE=DATE:20120608
END:VEVENT
BEGIN:VEVENT
STATUS:CONFIRMED
UID:09e7fff5-3a1b-4952-b0c8-aeec471d0440
SUMMARY:Boże Ciało
DTSTART;VALUE=DATE:20130530
DTEND;VALUE=DATE:20130531
END:VEVENT
BEGIN:VEVENT
STATUS:CONFIRMED
UID:ec6314e5-e701-4999-a8f6-67cb63af6600
SUMMARY:Boże Ciało
DTSTART;VALUE=DATE:20140619
DTEND;VALUE=DATE:20140620
END:VEVENT
BEGIN:VEVENT
STATUS:CONFIRMED
UID:02461d29-b1a8-4f25-b155-3c8ffbae532d
SUMMARY:Boże Ciało
DTSTART;VALUE=DATE:20150604
DTEND;VALUE=DATE:20150605
END:VEVENT
BEGIN:VEVENT
STATUS:CONFIRMED
UID:a2d30e5d-255c-472c-a2f2-f2d76f8e93c5
SUMMARY:Boże Ciało
DTSTART;VALUE=DATE:20160526
DTEND;VALUE=DATE:20160527
END:VEVENT
BEGIN:VEVENT
STATUS:CONFIRMED
UID:6c617f79-61c2-4afb-aa5d-0eec34d1cb2a
SUMMARY:Boże Ciało
DTSTART;VALUE=DATE:20170615
DTEND;VALUE=DATE:20170616
END:VEVENT
BEGIN:VEVENT
STATUS:CONFIRMED
UID:b9b453fd-4e79-4dd4-99bc-ad932dbf0cb7
SUMMARY:Boże Ciało
DTSTART;VALUE=DATE:20180531
DTEND;VALUE=DATE:20180601
END:VEVENT
BEGIN:VEVENT
STATUS:CONFIRMED
UID:d8336121-8496-4ab3-b140-42fe4def8613
SUMMARY:Boże Ciało
DTSTART;VALUE=DATE:20190620
DTEND;VALUE=DATE:20190621
END:VEVENT
BEGIN:VEVENT
STATUS:CONFIRMED
UID:5fbbd989-059f-4bc0-ac82-c21cbfa52242
SUMMARY:Boże Ciało
DTSTART;VALUE=DATE:20200611
DTEND;VALUE=DATE:20200612
END:VEVENT
BEGIN:VEVENT
STATUS:CONFIRMED
UID:a0ae6a7f-93ce-47ee-b1cb-991c0ffee5bf
SUMMARY:Objawienie Pańskie (Trzech Króli)
RRULE:FREQ=YEARLY
DTSTART;VALUE=DATE:20110106
DTEND;VALUE=DATE:20110107
END:VEVENT
BEGIN:VEVENT
STATUS:CONFIRMED
UID:1f793466-bd33-426b-9ae1-88d4e58489ff
SUMMARY:Zielone Świątki (Zesłanie Ducha Świętego)
DTSTART;VALUE=DATE:20090531
DTEND;VALUE=DATE:20090601
END:VEVENT
BEGIN:VEVENT
STATUS:CONFIRMED
UID:d0632297-c754-4309-afb6-16ea6bf44fd6
SUMMARY:Zielone Świątki (Zesłanie Ducha Świętego)
DTSTART;VALUE=DATE:20100523
DTEND;VALUE=DATE:20100524
END:VEVENT
BEGIN:VEVENT
STATUS:CONFIRMED
UID:0085e0a0-c4c1-41c5-be87-6ef04adee831
SUMMARY:Zielone Świątki (Zesłanie Ducha Świętego)
DTSTART;VALUE=DATE:20110612
DTEND;VALUE=DATE:20110613
END:VEVENT
BEGIN:VEVENT
STATUS:CONFIRMED
UID:5df4716e-b400-4f3e-ae4e-68cc46039321
SUMMARY:Zielone Świątki (Zesłanie Ducha Świętego)
DTSTART;VALUE=DATE:20120527
DTEND;VALUE=DATE:20120528
END:VEVENT
BEGIN:VEVENT
STATUS:CONFIRMED
UID:1b5cf7ea-3330-4ab1-83ad-1f828ce31201
SUMMARY:Zielone Świątki (Zesłanie Ducha Świętego)
DTSTART;VALUE=DATE:20130519
DTEND;VALUE=DATE:20130520
END:VEVENT
BEGIN:VEVENT
STATUS:CONFIRMED
UID:83bbccc3-9bf1-464c-9b29-40c69b487d2a
SUMMARY:Zielone Świątki (Zesłanie Ducha Świętego)
DTSTART;VALUE=DATE:20140608
DTEND;VALUE=DATE:20140609
END:VEVENT
BEGIN:VEVENT
STATUS:CONFIRMED
UID:ce8c26d6-d5e9-4277-a2bf-9b4c5873994d
SUMMARY:Zielone Świątki (Zesłanie Ducha Świętego)
DTSTART;VALUE=DATE:20150524
DTEND;VALUE=DATE:20150525
END:VEVENT
BEGIN:VEVENT
STATUS:CONFIRMED
UID:1155795d-2567-470e-9e0d-fbc3c646b58c
SUMMARY:Zielone Świątki (Zesłanie Ducha Świętego)
DTSTART;VALUE=DATE:20160515
DTEND;VALUE=DATE:20160516
END:VEVENT
BEGIN:VEVENT
STATUS:CONFIRMED
UID:d85e837e-b0fc-416e-8e3e-38cdef142ef8
SUMMARY:Zielone Świątki (Zesłanie Ducha Świętego)
DTSTART;VALUE=DATE:20170604
DTEND;VALUE=DATE:20170605
END:VEVENT
BEGIN:VEVENT
STATUS:CONFIRMED
UID:2ed33158-f0b8-44e2-92e1-481168a7d50e
SUMMARY:Zielone Świątki (Zesłanie Ducha Świętego)
DTSTART;VALUE=DATE:20180520
DTEND;VALUE=DATE:20180521
END:VEVENT
BEGIN:VEVENT
STATUS:CONFIRMED
UID:e1b97ad6-4c46-473a-b18c-4ee32a7eb010
SUMMARY:Zielone Świątki (Zesłanie Ducha Świętego)
DTSTART;VALUE=DATE:20200531
DTEND;VALUE=DATE:20200601
END:VEVENT
BEGIN:VEVENT
STATUS:CONFIRMED
UID:ac13f18f-a849-45e3-9a7d-d356a17699ff
SUMMARY:Zielone Świątki (Zesłanie Ducha Świętego)
DTSTART;VALUE=DATE:20190609
DTEND;VALUE=DATE:20190610
END:VEVENT
END:VCALENDAR
