BEGIN:VCALENDAR
BEGIN:VEVENT
STATUS:CONFIRMED
UID:sl_1
DTSTART;VALUE=DATE:20210114
DTEND;VALUE=DATE:20210115
SUMMARY:Tamil Thai Pongal Day
END:VEVENT
BEGIN:VEVENT
STATUS:CONFIRMED
UID:sl_2
DTSTART;VALUE=DATE:20210128
DTEND;VALUE=DATE:20210129
SUMMARY:Duruthu Full Moon Poya Day
END:VEVENT
BEGIN:VEVENT
STATUS:CONFIRMED
UID:sl_3
DTSTART;VALUE=DATE:20210204
DTEND;VALUE=DATE:20210205
SUMMARY:Independence Day
END:VEVENT
BEGIN:VEVENT
STATUS:CONFIRMED
UID:sl_4
DTSTART;VALUE=DATE:20210226
DTEND;VALUE=DATE:20210227
SUMMARY:Nawam Full Moon Poya Day
END:VEVENT
BEGIN:VEVENT
STATUS:CONFIRMED
UID:sl_5
DTSTART;VALUE=DATE:20210311
DTEND;VALUE=DATE:20210312
SUMMARY:Mahasivarathri Day
END:VEVENT
BEGIN:VEVENT
STATUS:CONFIRMED
UID:sl_6
DTSTART;VALUE=DATE:20210328
DTEND;VALUE=DATE:20210329
SUMMARY:Madin Full Moon Poya Day
END:VEVENT
BEGIN:VEVENT
STATUS:CONFIRMED
UID:sl_7
DTSTART;VALUE=DATE:20210402
DTEND;VALUE=DATE:20210403
SUMMARY:Good Friday
END:VEVENT
BEGIN:VEVENT
STATUS:CONFIRMED
UID:sl_8
DTSTART;VALUE=DATE:20210413
DTEND;VALUE=DATE:20210414
SUMMARY:Day prior to Sinhala & Tamil New Year Day
END:VEVENT
BEGIN:VEVENT
STATUS:CONFIRMED
UID:sl_9
DTSTART;VALUE=DATE:20210414
DTEND;VALUE=DATE:20210415
SUMMARY:Sinhala & Tamil New Year Day
END:VEVENT
BEGIN:VEVENT
STATUS:CONFIRMED
UID:sl_10
DTSTART;VALUE=DATE:20210426
DTEND;VALUE=DATE:20210427
SUMMARY:Bak Full Moon Poya Day
END:VEVENT
BEGIN:VEVENT
STATUS:CONFIRMED
UID:sl_11
DTSTART;VALUE=DATE:20210501
DTEND;VALUE=DATE:20210502
SUMMARY:May Day
END:VEVENT
BEGIN:VEVENT
STATUS:CONFIRMED
UID:sl_12
DTSTART;VALUE=DATE:20210514
DTEND;VALUE=DATE:20210515
SUMMARY:Id-Ul-Fitr (Ramazan Festival Day)
END:VEVENT
BEGIN:VEVENT
STATUS:CONFIRMED
UID:sl_13
DTSTART;VALUE=DATE:20210526
DTEND;VALUE=DATE:20210527
SUMMARY:Vesak Full Moon Poya Day
END:VEVENT
BEGIN:VEVENT
STATUS:CONFIRMED
UID:sl_14
DTSTART;VALUE=DATE:20210527
DTEND;VALUE=DATE:20210528
SUMMARY:Day following Vesak Full Moon Poya Day
END:VEVENT
BEGIN:VEVENT
STATUS:CONFIRMED
UID:sl_15
DTSTART;VALUE=DATE:20210624
DTEND;VALUE=DATE:20210625
SUMMARY:Poson Full Moon Poya Day
END:VEVENT
BEGIN:VEVENT
STATUS:CONFIRMED
UID:sl_16
DTSTART;VALUE=DATE:20210721
DTEND;VALUE=DATE:20210722
SUMMARY:Id-Ul-Alha (Hadji Festival Day)
END:VEVENT
BEGIN:VEVENT
STATUS:CONFIRMED
UID:sl_17
DTSTART;VALUE=DATE:20210723
DTEND;VALUE=DATE:20210724
SUMMARY:Esala Full Moon Poya Day 
END:VEVENT
BEGIN:VEVENT
STATUS:CONFIRMED
UID:sl_18
DTSTART;VALUE=DATE:20210822
DTEND;VALUE=DATE:20210823
SUMMARY:Nikini Full Moon Poya Day
END:VEVENT
BEGIN:VEVENT
STATUS:CONFIRMED
UID:sl_19
DTSTART;VALUE=DATE:20210920
DTEND;VALUE=DATE:20210921
SUMMARY:Binara Full Moon Poya Day
END:VEVENT
BEGIN:VEVENT
STATUS:CONFIRMED
UID:sl_20
DTSTART;VALUE=DATE:20211019
DTEND;VALUE=DATE:20211020
SUMMARY:Milad-Un-Nabi (Holy Prophet’s Birthday)
END:VEVENT
BEGIN:VEVENT
STATUS:CONFIRMED
UID:sl_21
DTSTART;VALUE=DATE:20211020
DTEND;VALUE=DATE:20211021
SUMMARY:Vap Full Moon Poya Day
END:VEVENT
BEGIN:VEVENT
STATUS:CONFIRMED
UID:sl_22
DTSTART;VALUE=DATE:20211104
DTEND;VALUE=DATE:20211105
SUMMARY:Deepavali Festival Day
END:VEVENT
BEGIN:VEVENT
STATUS:CONFIRMED
UID:sl_23
DTSTART;VALUE=DATE:20211118
DTEND;VALUE=DATE:20211119
SUMMARY:Il Full Moon Poya Day
END:VEVENT
BEGIN:VEVENT
STATUS:CONFIRMED
UID:sl_24
DTSTART;VALUE=DATE:20211218
DTEND;VALUE=DATE:20211219
SUMMARY:Unduvap Full Moon Poya Day
END:VEVENT
BEGIN:VEVENT
STATUS:CONFIRMED
UID:sl_25
DTSTART;VALUE=DATE:20211225
DTEND;VALUE=DATE:20211226
SUMMARY:Christmas Day
END:VEVENT
BEGIN:VEVENT
STATUS:CONFIRMED
UID:sl_26
DTSTART;VALUE=DATE:20220114
DTEND;VALUE=DATE:20220115
SUMMARY:Tamil Thai Pongal Day
END:VEVENT
BEGIN:VEVENT
STATUS:CONFIRMED
UID:sl_27
DTSTART;VALUE=DATE:20220117
DTEND;VALUE=DATE:20220118
SUMMARY:Duruthu Full Moon Poya Day
END:VEVENT
BEGIN:VEVENT
STATUS:CONFIRMED
UID:sl_28
DTSTART;VALUE=DATE:20220204
DTEND;VALUE=DATE:20220205
SUMMARY:Independence Day
END:VEVENT
BEGIN:VEVENT
STATUS:CONFIRMED
UID:sl_29
DTSTART;VALUE=DATE:20220216
DTEND;VALUE=DATE:20220217
SUMMARY:Nawam Full Moon Poya Day
END:VEVENT
BEGIN:VEVENT
STATUS:CONFIRMED
UID:sl_30
DTSTART;VALUE=DATE:20220301
DTEND;VALUE=DATE:20220302
SUMMARY:Mahasivarathri Day
END:VEVENT
BEGIN:VEVENT
STATUS:CONFIRMED
UID:sl_31
DTSTART;VALUE=DATE:20220317
DTEND;VALUE=DATE:20220318
SUMMARY:Madin Full Moon Poya Day
END:VEVENT
BEGIN:VEVENT
STATUS:CONFIRMED
UID:sl_32
DTSTART;VALUE=DATE:20220413
DTEND;VALUE=DATE:20220414
SUMMARY:Day prior to Sinhala & Tamil New Year Day
END:VEVENT
BEGIN:VEVENT
STATUS:CONFIRMED
UID:sl_33
DTSTART;VALUE=DATE:20220414
DTEND;VALUE=DATE:20220415
SUMMARY:Sinhala & Tamil New Year Day
END:VEVENT
BEGIN:VEVENT
STATUS:CONFIRMED
UID:sl_34
DTSTART;VALUE=DATE:20220415
DTEND;VALUE=DATE:20220416
SUMMARY:Good Friday
END:VEVENT
BEGIN:VEVENT
STATUS:CONFIRMED
UID:sl_35
DTSTART;VALUE=DATE:20220416
DTEND;VALUE=DATE:20220417
SUMMARY:Bak Full Moon Poya Day
END:VEVENT
BEGIN:VEVENT
STATUS:CONFIRMED
UID:sl_36
DTSTART;VALUE=DATE:20220501
DTEND;VALUE=DATE:20220502
SUMMARY:May Day
END:VEVENT
BEGIN:VEVENT
STATUS:CONFIRMED
UID:sl_37
DTSTART;VALUE=DATE:20220503
DTEND;VALUE=DATE:20220504
SUMMARY:Id-Ul-Fitr (Ramazan Festival Day)
END:VEVENT
BEGIN:VEVENT
STATUS:CONFIRMED
UID:sl_38
DTSTART;VALUE=DATE:20220515
DTEND;VALUE=DATE:20220516
SUMMARY:Vesak Full Moon Poya Day
END:VEVENT
BEGIN:VEVENT
STATUS:CONFIRMED
UID:sl_39
DTSTART;VALUE=DATE:20220516
DTEND;VALUE=DATE:20220517
SUMMARY:Day following Vesak Full Moon Poya Day
END:VEVENT
BEGIN:VEVENT
STATUS:CONFIRMED
UID:sl_40
DTSTART;VALUE=DATE:20220614
DTEND;VALUE=DATE:20220615
SUMMARY:Poson Full Moon Poya Day
END:VEVENT
BEGIN:VEVENT
STATUS:CONFIRMED
UID:sl_41
DTSTART;VALUE=DATE:20220710
DTEND;VALUE=DATE:20220711
SUMMARY:Id-Ul-Alha (Hadji Festival Day)
END:VEVENT
BEGIN:VEVENT
STATUS:CONFIRMED
UID:sl_42
DTSTART;VALUE=DATE:20220713
DTEND;VALUE=DATE:20220714
SUMMARY:Esala Full Moon Poya Day 
END:VEVENT
BEGIN:VEVENT
STATUS:CONFIRMED
UID:sl_43
DTSTART;VALUE=DATE:20220811
DTEND;VALUE=DATE:20220812
SUMMARY:Nikini Full Moon Poya Day
END:VEVENT
BEGIN:VEVENT
STATUS:CONFIRMED
UID:sl_44
DTSTART;VALUE=DATE:20220910
DTEND;VALUE=DATE:20220911
SUMMARY:Binara Full Moon Poya Day
END:VEVENT
BEGIN:VEVENT
STATUS:CONFIRMED
UID:sl_45
DTSTART;VALUE=DATE:20221009
DTEND;VALUE=DATE:20221010
SUMMARY:Vap Full Moon Poya Day
END:VEVENT
BEGIN:VEVENT
STATUS:CONFIRMED
UID:sl_46
DTSTART;VALUE=DATE:20221009
DTEND;VALUE=DATE:20221010
SUMMARY:Milad-Un-Nabi (Holy Prophet’s Birthday)
END:VEVENT
BEGIN:VEVENT
STATUS:CONFIRMED
UID:sl_47
DTSTART;VALUE=DATE:20221024
DTEND;VALUE=DATE:20221025
SUMMARY:Deepavali Festival Day
END:VEVENT
BEGIN:VEVENT
STATUS:CONFIRMED
UID:sl_48
DTSTART;VALUE=DATE:20221107
DTEND;VALUE=DATE:20221108
SUMMARY:Il Full Moon Poya Day
END:VEVENT
BEGIN:VEVENT
STATUS:CONFIRMED
UID:sl_49
DTSTART;VALUE=DATE:20221207
DTEND;VALUE=DATE:20221208
SUMMARY:Unduvap Full Moon Poya Day
END:VEVENT
BEGIN:VEVENT
STATUS:CONFIRMED
UID:sl_50
DTSTART;VALUE=DATE:20221225
DTEND;VALUE=DATE:20221226
SUMMARY:Christmas Day
END:VEVENT
BEGIN:VEVENT
STATUS:CONFIRMED
UID:sl_51
DTSTART;VALUE=DATE:20230106
DTEND;VALUE=DATE:20230107
SUMMARY:Duruthu Full Moon Poya Day
END:VEVENT
BEGIN:VEVENT
STATUS:CONFIRMED
UID:sl_52
DTSTART;VALUE=DATE:20230115
DTEND;VALUE=DATE:20230116
SUMMARY:Tamil Thai Pongal Day
END:VEVENT
BEGIN:VEVENT
STATUS:CONFIRMED
UID:sl_53
DTSTART;VALUE=DATE:20230204
DTEND;VALUE=DATE:20230205
SUMMARY:Independence Day
END:VEVENT
BEGIN:VEVENT
STATUS:CONFIRMED
UID:sl_54
DTSTART;VALUE=DATE:20230205
DTEND;VALUE=DATE:20230206
SUMMARY:Nawam Full Moon Poya Day
END:VEVENT
BEGIN:VEVENT
STATUS:CONFIRMED
UID:sl_55
DTSTART;VALUE=DATE:20230318
DTEND;VALUE=DATE:20230319
SUMMARY:Mahasivarathri Day
END:VEVENT
BEGIN:VEVENT
STATUS:CONFIRMED
UID:sl_56
DTSTART;VALUE=DATE:20230306
DTEND;VALUE=DATE:20230307
SUMMARY:Madin Full Moon Poya Day
END:VEVENT
BEGIN:VEVENT
STATUS:CONFIRMED
UID:sl_57
DTSTART;VALUE=DATE:20230405
DTEND;VALUE=DATE:20230406
SUMMARY:Bak Full Moon Poya Day
END:VEVENT
BEGIN:VEVENT
STATUS:CONFIRMED
UID:sl_58
DTSTART;VALUE=DATE:20230407
DTEND;VALUE=DATE:20230408
SUMMARY:Good Friday
END:VEVENT
BEGIN:VEVENT
STATUS:CONFIRMED
UID:sl_59
DTSTART;VALUE=DATE:20230413
DTEND;VALUE=DATE:20230414
SUMMARY:Day prior to Sinhala & Tamil New Year Day
END:VEVENT
BEGIN:VEVENT
STATUS:CONFIRMED
UID:sl_60
DTSTART;VALUE=DATE:20230414
DTEND;VALUE=DATE:20230415
SUMMARY:Sinhala & Tamil New Year Day
END:VEVENT
BEGIN:VEVENT
STATUS:CONFIRMED
UID:sl_61
DTSTART;VALUE=DATE:20230422
DTEND;VALUE=DATE:20230423
SUMMARY:Id-Ul-Fitr (Ramazan Festival Day)
END:VEVENT
BEGIN:VEVENT
STATUS:CONFIRMED
UID:sl_62
DTSTART;VALUE=DATE:20230501
DTEND;VALUE=DATE:20230502
SUMMARY:May Day
END:VEVENT
BEGIN:VEVENT
STATUS:CONFIRMED
UID:sl_63
DTSTART;VALUE=DATE:20230505
DTEND;VALUE=DATE:20230506
SUMMARY:Vesak Full Moon Poya Day
END:VEVENT
BEGIN:VEVENT
STATUS:CONFIRMED
UID:sl_64
DTSTART;VALUE=DATE:20230506
DTEND;VALUE=DATE:20230507
SUMMARY:Day following Vesak Full Moon Poya Day
END:VEVENT
BEGIN:VEVENT
STATUS:CONFIRMED
UID:sl_65
DTSTART;VALUE=DATE:20230603
DTEND;VALUE=DATE:20230604
SUMMARY:Poson Full Moon Poya Day
END:VEVENT
BEGIN:VEVENT
STATUS:CONFIRMED
UID:sl_66
DTSTART;VALUE=DATE:20230629
DTEND;VALUE=DATE:20230630
SUMMARY:Id-Ul-Alha (Hadji Festival Day)
END:VEVENT
BEGIN:VEVENT
STATUS:CONFIRMED
UID:sl_67
DTSTART;VALUE=DATE:20230703
DTEND;VALUE=DATE:20230704
SUMMARY:Adhi Esala Full Moon Poya Day 
END:VEVENT
BEGIN:VEVENT
STATUS:CONFIRMED
UID:sl_68
DTSTART;VALUE=DATE:20230801
DTEND;VALUE=DATE:20230802
SUMMARY:Esala Full Moon Poya Day 
END:VEVENT
BEGIN:VEVENT
STATUS:CONFIRMED
UID:sl_69
DTSTART;VALUE=DATE:20230830
DTEND;VALUE=DATE:20230831
SUMMARY:Nikini Full Moon Poya Day
END:VEVENT
BEGIN:VEVENT
STATUS:CONFIRMED
UID:sl_70
DTSTART;VALUE=DATE:20230928
DTEND;VALUE=DATE:20230929
SUMMARY:Milad-Un-Nabi (Holy Prophet’s Birthday)
END:VEVENT
BEGIN:VEVENT
STATUS:CONFIRMED
UID:sl_71
DTSTART;VALUE=DATE:20230929
DTEND;VALUE=DATE:20230930
SUMMARY:Binara Full Moon Poya Day
END:VEVENT
BEGIN:VEVENT
STATUS:CONFIRMED
UID:sl_72
DTSTART;VALUE=DATE:20231028
DTEND;VALUE=DATE:20231029
SUMMARY:Vap Full Moon Poya Day
END:VEVENT
BEGIN:VEVENT
STATUS:CONFIRMED
UID:sl_73
DTSTART;VALUE=DATE:20231112
DTEND;VALUE=DATE:20231113
SUMMARY:Deepavali Festival Day
END:VEVENT
BEGIN:VEVENT
STATUS:CONFIRMED
UID:sl_74
DTSTART;VALUE=DATE:20231126
DTEND;VALUE=DATE:20231127
SUMMARY:Il Full Moon Poya Day
END:VEVENT
BEGIN:VEVENT
STATUS:CONFIRMED
UID:sl_75
DTSTART;VALUE=DATE:20231225
DTEND;VALUE=DATE:20231226
SUMMARY:Christmas Day
END:VEVENT
BEGIN:VEVENT
STATUS:CONFIRMED
UID:sl_76
DTSTART;VALUE=DATE:20231226
DTEND;VALUE=DATE:20231227
SUMMARY:Unduvap Full Moon Poya Day
END:VEVENT
END:VCALENDAR