BEGIN:VCALENDAR
BEGIN:VEVENT
STATUS:CONFIRMED
SUMMARY:Nyårsdagen
DTSTART;VALUE=DATE:20200101
UID:42b7dee4-f54c-11ea-ae8a-f01faf3077b6
RRULE:FREQ=YEARLY
END:VEVENT
BEGIN:VEVENT
STATUS:CONFIRMED
SUMMARY:Trettondagsafton
DTSTART;VALUE=DATE:20200105
UID:42b7dee5-f54c-11ea-ae8a-f01faf3077b6
RRULE:FREQ=YEARLY
END:VEVENT
BEGIN:VEVENT
STATUS:CONFIRMED
SUMMARY:Trettondedag jul
DTSTART;VALUE=DATE:20200106
UID:42b7dee6-f54c-11ea-ae8a-f01faf3077b6
RRULE:FREQ=YEARLY
END:VEVENT
BEGIN:VEVENT
STATUS:CONFIRMED
SUMMARY:Skärtorsdagen
DTSTART;VALUE=DATE:20200409
UID:42b7dee7-f54c-11ea-ae8a-f01faf3077b6
END:VEVENT
BEGIN:VEVENT
STATUS:CONFIRMED
SUMMARY:Långfredagen
DTSTART;VALUE=DATE:20200410
UID:42b7dee8-f54c-11ea-ae8a-f01faf3077b6
END:VEVENT
BEGIN:VEVENT
STATUS:CONFIRMED
SUMMARY:Påskafton
DTSTART;VALUE=DATE:20200411
UID:42b7dee9-f54c-11ea-ae8a-f01faf3077b6
END:VEVENT
BEGIN:VEVENT
STATUS:CONFIRMED
SUMMARY:Påskdagen
DTSTART;VALUE=DATE:20200412
UID:42b7deea-f54c-11ea-ae8a-f01faf3077b6
END:VEVENT
BEGIN:VEVENT
STATUS:CONFIRMED
SUMMARY:Annandag påsk
DTSTART;VALUE=DATE:20200413
UID:42b7deeb-f54c-11ea-ae8a-f01faf3077b6
END:VEVENT
BEGIN:VEVENT
STATUS:CONFIRMED
SUMMARY:Kristi himmelsfärdsdag
DTSTART;VALUE=DATE:20200521
UID:42b7deec-f54c-11ea-ae8a-f01faf3077b6
END:VEVENT
BEGIN:VEVENT
STATUS:CONFIRMED
SUMMARY:Pingstafton
DTSTART;VALUE=DATE:20200530
UID:42b7deed-f54c-11ea-ae8a-f01faf3077b6
END:VEVENT
BEGIN:VEVENT
STATUS:CONFIRMED
SUMMARY:Pingstdagen
DTSTART;VALUE=DATE:20200531
UID:42b7deee-f54c-11ea-ae8a-f01faf3077b6
END:VEVENT
BEGIN:VEVENT
STATUS:CONFIRMED
SUMMARY:Skärtorsdagen
DTSTART;VALUE=DATE:20210401
UID:42b7deef-f54c-11ea-ae8a-f01faf3077b6
END:VEVENT
BEGIN:VEVENT
STATUS:CONFIRMED
SUMMARY:Långfredagen
DTSTART;VALUE=DATE:20210402
UID:42b7def0-f54c-11ea-ae8a-f01faf3077b6
END:VEVENT
BEGIN:VEVENT
STATUS:CONFIRMED
SUMMARY:Påskafton
DTSTART;VALUE=DATE:20210403
UID:42b7def1-f54c-11ea-ae8a-f01faf3077b6
END:VEVENT
BEGIN:VEVENT
STATUS:CONFIRMED
SUMMARY:Påskdagen
DTSTART;VALUE=DATE:20210404
UID:42b7def2-f54c-11ea-ae8a-f01faf3077b6
END:VEVENT
BEGIN:VEVENT
STATUS:CONFIRMED
SUMMARY:Annandag påsk
DTSTART;VALUE=DATE:20210405
UID:42b7def3-f54c-11ea-ae8a-f01faf3077b6
END:VEVENT
BEGIN:VEVENT
STATUS:CONFIRMED
SUMMARY:Kristi himmelsfärdsdag
DTSTART;VALUE=DATE:20210513
UID:42b7def4-f54c-11ea-ae8a-f01faf3077b6
END:VEVENT
BEGIN:VEVENT
STATUS:CONFIRMED
SUMMARY:Pingstafton
DTSTART;VALUE=DATE:20210522
UID:42b7def5-f54c-11ea-ae8a-f01faf3077b6
END:VEVENT
BEGIN:VEVENT
STATUS:CONFIRMED
SUMMARY:Pingstdagen
DTSTART;VALUE=DATE:20210523
UID:42b7def6-f54c-11ea-ae8a-f01faf3077b6
END:VEVENT
BEGIN:VEVENT
STATUS:CONFIRMED
SUMMARY:Skärtorsdagen
DTSTART;VALUE=DATE:20220414
UID:42b7def7-f54c-11ea-ae8a-f01faf3077b6
END:VEVENT
BEGIN:VEVENT
STATUS:CONFIRMED
SUMMARY:Långfredagen
DTSTART;VALUE=DATE:20220415
UID:42b7def8-f54c-11ea-ae8a-f01faf3077b6
END:VEVENT
BEGIN:VEVENT
STATUS:CONFIRMED
SUMMARY:Påskafton
DTSTART;VALUE=DATE:20220416
UID:42b7def9-f54c-11ea-ae8a-f01faf3077b6
END:VEVENT
BEGIN:VEVENT
STATUS:CONFIRMED
SUMMARY:Påskdagen
DTSTART;VALUE=DATE:20220417
UID:42b7defa-f54c-11ea-ae8a-f01faf3077b6
END:VEVENT
BEGIN:VEVENT
STATUS:CONFIRMED
SUMMARY:Annandag påsk
DTSTART;VALUE=DATE:20220418
UID:42b7defb-f54c-11ea-ae8a-f01faf3077b6
END:VEVENT
BEGIN:VEVENT
STATUS:CONFIRMED
SUMMARY:Kristi himmelsfärdsdag
DTSTART;VALUE=DATE:20220526
UID:42b7defc-f54c-11ea-ae8a-f01faf3077b6
END:VEVENT
BEGIN:VEVENT
STATUS:CONFIRMED
SUMMARY:Pingstafton
DTSTART;VALUE=DATE:20220604
UID:42b7defd-f54c-11ea-ae8a-f01faf3077b6
END:VEVENT
BEGIN:VEVENT
STATUS:CONFIRMED
SUMMARY:Pingstdagen
DTSTART;VALUE=DATE:20220605
UID:42b7defe-f54c-11ea-ae8a-f01faf3077b6
END:VEVENT
BEGIN:VEVENT
STATUS:CONFIRMED
SUMMARY:Skärtorsdagen
DTSTART;VALUE=DATE:20230406
UID:42b7deff-f54c-11ea-ae8a-f01faf3077b6
END:VEVENT
BEGIN:VEVENT
STATUS:CONFIRMED
SUMMARY:Långfredagen
DTSTART;VALUE=DATE:20230407
UID:42b7df00-f54c-11ea-ae8a-f01faf3077b6
END:VEVENT
BEGIN:VEVENT
STATUS:CONFIRMED
SUMMARY:Påskafton
DTSTART;VALUE=DATE:20230408
UID:42b7df01-f54c-11ea-ae8a-f01faf3077b6
END:VEVENT
BEGIN:VEVENT
STATUS:CONFIRMED
SUMMARY:Påskdagen
DTSTART;VALUE=DATE:20230409
UID:42b7df02-f54c-11ea-ae8a-f01faf3077b6
END:VEVENT
BEGIN:VEVENT
STATUS:CONFIRMED
SUMMARY:Annandag påsk
DTSTART;VALUE=DATE:20230410
UID:42b7df03-f54c-11ea-ae8a-f01faf3077b6
END:VEVENT
BEGIN:VEVENT
STATUS:CONFIRMED
SUMMARY:Kristi himmelsfärdsdag
DTSTART;VALUE=DATE:20230518
UID:42b7df04-f54c-11ea-ae8a-f01faf3077b6
END:VEVENT
BEGIN:VEVENT
STATUS:CONFIRMED
SUMMARY:Pingstafton
DTSTART;VALUE=DATE:20230527
UID:42b7df05-f54c-11ea-ae8a-f01faf3077b6
END:VEVENT
BEGIN:VEVENT
STATUS:CONFIRMED
SUMMARY:Pingstdagen
DTSTART;VALUE=DATE:20230528
UID:42b7df06-f54c-11ea-ae8a-f01faf3077b6
END:VEVENT
BEGIN:VEVENT
STATUS:CONFIRMED
SUMMARY:Skärtorsdagen
DTSTART;VALUE=DATE:20240328
UID:42b7df07-f54c-11ea-ae8a-f01faf3077b6
END:VEVENT
BEGIN:VEVENT
STATUS:CONFIRMED
SUMMARY:Långfredagen
DTSTART;VALUE=DATE:20240329
UID:42b7df08-f54c-11ea-ae8a-f01faf3077b6
END:VEVENT
BEGIN:VEVENT
STATUS:CONFIRMED
SUMMARY:Påskafton
DTSTART;VALUE=DATE:20240330
UID:42b7df09-f54c-11ea-ae8a-f01faf3077b6
END:VEVENT
BEGIN:VEVENT
STATUS:CONFIRMED
SUMMARY:Påskdagen
DTSTART;VALUE=DATE:20240331
UID:42b7df0a-f54c-11ea-ae8a-f01faf3077b6
END:VEVENT
BEGIN:VEVENT
STATUS:CONFIRMED
SUMMARY:Annandag påsk
DTSTART;VALUE=DATE:20240401
UID:42b7df0b-f54c-11ea-ae8a-f01faf3077b6
END:VEVENT
BEGIN:VEVENT
STATUS:CONFIRMED
SUMMARY:Kristi himmelsfärdsdag
DTSTART;VALUE=DATE:20240509
UID:42b7df0c-f54c-11ea-ae8a-f01faf3077b6
END:VEVENT
BEGIN:VEVENT
STATUS:CONFIRMED
SUMMARY:Pingstafton
DTSTART;VALUE=DATE:20240518
UID:42b7df0d-f54c-11ea-ae8a-f01faf3077b6
END:VEVENT
BEGIN:VEVENT
STATUS:CONFIRMED
SUMMARY:Pingstdagen
DTSTART;VALUE=DATE:20240519
UID:42b7df0e-f54c-11ea-ae8a-f01faf3077b6
END:VEVENT
BEGIN:VEVENT
STATUS:CONFIRMED
SUMMARY:Skärtorsdagen
DTSTART;VALUE=DATE:20250417
UID:42b7df0f-f54c-11ea-ae8a-f01faf3077b6
END:VEVENT
BEGIN:VEVENT
STATUS:CONFIRMED
SUMMARY:Långfredagen
DTSTART;VALUE=DATE:20250418
UID:42b7df10-f54c-11ea-ae8a-f01faf3077b6
END:VEVENT
BEGIN:VEVENT
STATUS:CONFIRMED
SUMMARY:Påskafton
DTSTART;VALUE=DATE:20250419
UID:42b7df11-f54c-11ea-ae8a-f01faf3077b6
END:VEVENT
BEGIN:VEVENT
STATUS:CONFIRMED
SUMMARY:Påskdagen
DTSTART;VALUE=DATE:20250420
UID:42b7df12-f54c-11ea-ae8a-f01faf3077b6
END:VEVENT
BEGIN:VEVENT
STATUS:CONFIRMED
SUMMARY:Annandag påsk
DTSTART;VALUE=DATE:20250421
UID:42b7df13-f54c-11ea-ae8a-f01faf3077b6
END:VEVENT
BEGIN:VEVENT
STATUS:CONFIRMED
SUMMARY:Kristi himmelsfärdsdag
DTSTART;VALUE=DATE:20250529
UID:42b7df14-f54c-11ea-ae8a-f01faf3077b6
END:VEVENT
BEGIN:VEVENT
STATUS:CONFIRMED
SUMMARY:Pingstafton
DTSTART;VALUE=DATE:20250607
UID:42b7df15-f54c-11ea-ae8a-f01faf3077b6
END:VEVENT
BEGIN:VEVENT
STATUS:CONFIRMED
SUMMARY:Pingstdagen
DTSTART;VALUE=DATE:20250608
UID:42b7df16-f54c-11ea-ae8a-f01faf3077b6
END:VEVENT
BEGIN:VEVENT
STATUS:CONFIRMED
SUMMARY:Skärtorsdagen
DTSTART;VALUE=DATE:20260402
UID:42b7df17-f54c-11ea-ae8a-f01faf3077b6
END:VEVENT
BEGIN:VEVENT
STATUS:CONFIRMED
SUMMARY:Långfredagen
DTSTART;VALUE=DATE:20260403
UID:42b7df18-f54c-11ea-ae8a-f01faf3077b6
END:VEVENT
BEGIN:VEVENT
STATUS:CONFIRMED
SUMMARY:Påskafton
DTSTART;VALUE=DATE:20260404
UID:42b7df19-f54c-11ea-ae8a-f01faf3077b6
END:VEVENT
BEGIN:VEVENT
STATUS:CONFIRMED
SUMMARY:Påskdagen
DTSTART;VALUE=DATE:20260405
UID:42b7df1a-f54c-11ea-ae8a-f01faf3077b6
END:VEVENT
BEGIN:VEVENT
STATUS:CONFIRMED
SUMMARY:Annandag påsk
DTSTART;VALUE=DATE:20260406
UID:42b7df1b-f54c-11ea-ae8a-f01faf3077b6
END:VEVENT
BEGIN:VEVENT
STATUS:CONFIRMED
SUMMARY:Kristi himmelsfärdsdag
DTSTART;VALUE=DATE:20260514
UID:42b7df1c-f54c-11ea-ae8a-f01faf3077b6
END:VEVENT
BEGIN:VEVENT
STATUS:CONFIRMED
SUMMARY:Pingstafton
DTSTART;VALUE=DATE:20260523
UID:42b7df1d-f54c-11ea-ae8a-f01faf3077b6
END:VEVENT
BEGIN:VEVENT
STATUS:CONFIRMED
SUMMARY:Pingstdagen
DTSTART;VALUE=DATE:20260524
UID:42b7df1e-f54c-11ea-ae8a-f01faf3077b6
END:VEVENT
BEGIN:VEVENT
STATUS:CONFIRMED
SUMMARY:Skärtorsdagen
DTSTART;VALUE=DATE:20270325
UID:42b7df1f-f54c-11ea-ae8a-f01faf3077b6
END:VEVENT
BEGIN:VEVENT
STATUS:CONFIRMED
SUMMARY:Långfredagen
DTSTART;VALUE=DATE:20270326
UID:42b7df20-f54c-11ea-ae8a-f01faf3077b6
END:VEVENT
BEGIN:VEVENT
STATUS:CONFIRMED
SUMMARY:Påskafton
DTSTART;VALUE=DATE:20270327
UID:42b7df21-f54c-11ea-ae8a-f01faf3077b6
END:VEVENT
BEGIN:VEVENT
STATUS:CONFIRMED
SUMMARY:Påskdagen
DTSTART;VALUE=DATE:20270328
UID:42b7df22-f54c-11ea-ae8a-f01faf3077b6
END:VEVENT
BEGIN:VEVENT
STATUS:CONFIRMED
SUMMARY:Annandag påsk
DTSTART;VALUE=DATE:20270329
UID:42b7df23-f54c-11ea-ae8a-f01faf3077b6
END:VEVENT
BEGIN:VEVENT
STATUS:CONFIRMED
SUMMARY:Kristi himmelsfärdsdag
DTSTART;VALUE=DATE:20270506
UID:42b7df24-f54c-11ea-ae8a-f01faf3077b6
END:VEVENT
BEGIN:VEVENT
STATUS:CONFIRMED
SUMMARY:Pingstafton
DTSTART;VALUE=DATE:20270515
UID:42b7df25-f54c-11ea-ae8a-f01faf3077b6
END:VEVENT
BEGIN:VEVENT
STATUS:CONFIRMED
SUMMARY:Pingstdagen
DTSTART;VALUE=DATE:20270516
UID:42b7df26-f54c-11ea-ae8a-f01faf3077b6
END:VEVENT
BEGIN:VEVENT
STATUS:CONFIRMED
SUMMARY:Skärtorsdagen
DTSTART;VALUE=DATE:20280413
UID:42b7df27-f54c-11ea-ae8a-f01faf3077b6
END:VEVENT
BEGIN:VEVENT
STATUS:CONFIRMED
SUMMARY:Långfredagen
DTSTART;VALUE=DATE:20280414
UID:42b7df28-f54c-11ea-ae8a-f01faf3077b6
END:VEVENT
BEGIN:VEVENT
STATUS:CONFIRMED
SUMMARY:Påskafton
DTSTART;VALUE=DATE:20280415
UID:42b7df29-f54c-11ea-ae8a-f01faf3077b6
END:VEVENT
BEGIN:VEVENT
STATUS:CONFIRMED
SUMMARY:Påskdagen
DTSTART;VALUE=DATE:20280416
UID:42b7df2a-f54c-11ea-ae8a-f01faf3077b6
END:VEVENT
BEGIN:VEVENT
STATUS:CONFIRMED
SUMMARY:Annandag påsk
DTSTART;VALUE=DATE:20280417
UID:42b7df2b-f54c-11ea-ae8a-f01faf3077b6
END:VEVENT
BEGIN:VEVENT
STATUS:CONFIRMED
SUMMARY:Kristi himmelsfärdsdag
DTSTART;VALUE=DATE:20280525
UID:42b7df2c-f54c-11ea-ae8a-f01faf3077b6
END:VEVENT
BEGIN:VEVENT
STATUS:CONFIRMED
SUMMARY:Pingstafton
DTSTART;VALUE=DATE:20280603
UID:42b7df2d-f54c-11ea-ae8a-f01faf3077b6
END:VEVENT
BEGIN:VEVENT
STATUS:CONFIRMED
SUMMARY:Pingstdagen
DTSTART;VALUE=DATE:20280604
UID:42b7df2e-f54c-11ea-ae8a-f01faf3077b6
END:VEVENT
BEGIN:VEVENT
STATUS:CONFIRMED
SUMMARY:Skärtorsdagen
DTSTART;VALUE=DATE:20290329
UID:42b7df2f-f54c-11ea-ae8a-f01faf3077b6
END:VEVENT
BEGIN:VEVENT
STATUS:CONFIRMED
SUMMARY:Långfredagen
DTSTART;VALUE=DATE:20290330
UID:42b7df30-f54c-11ea-ae8a-f01faf3077b6
END:VEVENT
BEGIN:VEVENT
STATUS:CONFIRMED
SUMMARY:Påskafton
DTSTART;VALUE=DATE:20290331
UID:42b7df31-f54c-11ea-ae8a-f01faf3077b6
END:VEVENT
BEGIN:VEVENT
STATUS:CONFIRMED
SUMMARY:Påskdagen
DTSTART;VALUE=DATE:20290401
UID:42b7df32-f54c-11ea-ae8a-f01faf3077b6
END:VEVENT
BEGIN:VEVENT
STATUS:CONFIRMED
SUMMARY:Annandag påsk
DTSTART;VALUE=DATE:20290402
UID:42b7df33-f54c-11ea-ae8a-f01faf3077b6
END:VEVENT
BEGIN:VEVENT
STATUS:CONFIRMED
SUMMARY:Kristi himmelsfärdsdag
DTSTART;VALUE=DATE:20290510
UID:42b7df34-f54c-11ea-ae8a-f01faf3077b6
END:VEVENT
BEGIN:VEVENT
STATUS:CONFIRMED
SUMMARY:Pingstafton
DTSTART;VALUE=DATE:20290519
UID:42b7df35-f54c-11ea-ae8a-f01faf3077b6
END:VEVENT
BEGIN:VEVENT
STATUS:CONFIRMED
SUMMARY:Pingstdagen
DTSTART;VALUE=DATE:20290520
UID:42b7df36-f54c-11ea-ae8a-f01faf3077b6
END:VEVENT
BEGIN:VEVENT
STATUS:CONFIRMED
SUMMARY:Valborgsmässoafton
DTSTART;VALUE=DATE:20200430
UID:42b7df37-f54c-11ea-ae8a-f01faf3077b6
RRULE:FREQ=YEARLY
END:VEVENT
BEGIN:VEVENT
STATUS:CONFIRMED
SUMMARY:Första maj
DTSTART;VALUE=DATE:20200501
UID:42b7df38-f54c-11ea-ae8a-f01faf3077b6
RRULE:FREQ=YEARLY
END:VEVENT
BEGIN:VEVENT
STATUS:CONFIRMED
SUMMARY:Sveriges nationaldag
DTSTART;VALUE=DATE:20200606
UID:42b7df39-f54c-11ea-ae8a-f01faf3077b6
RRULE:FREQ=YEARLY
END:VEVENT
BEGIN:VEVENT
STATUS:CONFIRMED
SUMMARY:Midsommarafton
DTSTART;VALUE=DATE:20200101
UID:42b7df3a-f54c-11ea-ae8a-f01faf3077b6
RRULE:FREQ=YEARLY;BYDAY=FR;BYMONTHDAY=19,20,21,22,23,24,25;BYMONTH=6
END:VEVENT
BEGIN:VEVENT
STATUS:CONFIRMED
SUMMARY:Midsommardagen
DTSTART;VALUE=DATE:20200101
UID:42b7df3b-f54c-11ea-ae8a-f01faf3077b6
RRULE:FREQ=YEARLY;BYDAY=SA;BYMONTHDAY=20,21,22,23,24,25,26;BYMONTH=6
END:VEVENT
BEGIN:VEVENT
STATUS:CONFIRMED
SUMMARY:Allhelgonaafton
DTSTART;VALUE=DATE:20200101
UID:42b7df3c-f54c-11ea-ae8a-f01faf3077b6
RRULE:FREQ=YEARLY;BYDAY=FR;BYMONTHDAY=30,31;BYMONTH=10
END:VEVENT
BEGIN:VEVENT
STATUS:CONFIRMED
SUMMARY:Allhelgonaafton
DTSTART;VALUE=DATE:20200101
UID:42b7df3d-f54c-11ea-ae8a-f01faf3077b6
RRULE:FREQ=YEARLY;BYDAY=FR;BYMONTHDAY=1,2,3,4,5;BYMONTH=11
END:VEVENT
BEGIN:VEVENT
STATUS:CONFIRMED
SUMMARY:Alla helgons dag
DTSTART;VALUE=DATE:20200101
UID:42b7df3e-f54c-11ea-ae8a-f01faf3077b6
RRULE:FREQ=YEARLY;BYDAY=SA;BYMONTHDAY=31;BYMONTH=10
END:VEVENT
BEGIN:VEVENT
STATUS:CONFIRMED
SUMMARY:Alla helgons dag
DTSTART;VALUE=DATE:20200101
UID:42b7df3f-f54c-11ea-ae8a-f01faf3077b6
RRULE:FREQ=YEARLY;BYDAY=SA;BYMONTHDAY=1,2,3,4,5,6;BYMONTH=11
END:VEVENT
BEGIN:VEVENT
STATUS:CONFIRMED
SUMMARY:Julafton
DTSTART;VALUE=DATE:20201224
UID:42b7df40-f54c-11ea-ae8a-f01faf3077b6
RRULE:FREQ=YEARLY
END:VEVENT
BEGIN:VEVENT
STATUS:CONFIRMED
SUMMARY:Juldagen
DTSTART;VALUE=DATE:20201225
UID:42b7df41-f54c-11ea-ae8a-f01faf3077b6
RRULE:FREQ=YEARLY
END:VEVENT
BEGIN:VEVENT
STATUS:CONFIRMED
SUMMARY:Annandag jul
DTSTART;VALUE=DATE:20201226
UID:42b7df42-f54c-11ea-ae8a-f01faf3077b6
RRULE:FREQ=YEARLY
END:VEVENT
BEGIN:VEVENT
STATUS:CONFIRMED
SUMMARY:Nyårsafton
DTSTART;VALUE=DATE:20201231
UID:42b7df43-f54c-11ea-ae8a-f01faf3077b6
RRULE:FREQ=YEARLY
END:VEVENT
END:VCALENDAR
