BEGIN:VCALENDAR
BEGIN:VEVENT
SUMMARY:Ascension Day
UID:7c8351e3-e3fd-4c0b-a60c-f558aa31df55
DTSTART;VALUE=DATE:20170525
DTEND;VALUE=DATE:20170526
STATUS:CONFIRMED
END:VEVENT
BEGIN:VEVENT
SUMMARY:Pentecost
UID:452c678d-0b42-4a89-a347-a0b8e12c4fd6
DTSTART;VALUE=DATE:20170604
DTEND;VALUE=DATE:20170605
STATUS:CONFIRMED
END:VEVENT
BEGIN:VEVENT
SUMMARY:Trinity Sunday
UID:83608056-f721-4564-88ed-3cc5d12b01fb
DTSTART;VALUE=DATE:20170611
DTEND;VALUE=DATE:20170612
STATUS:CONFIRMED
END:VEVENT
BEGIN:VEVENT
SUMMARY:Ash Wednesday
UID:6eff84ea-6763-46d3-9c64-b847376f3e34
DTSTART;VALUE=DATE:20180214
DTEND;VALUE=DATE:20180215
STATUS:CONFIRMED
END:VEVENT
BEGIN:VEVENT
SUMMARY:Good Friday
UID:19fb2499-97ae-457f-8d41-6ec76292c77f
DTSTART;VALUE=DATE:20180330
DTEND;VALUE=DATE:20180331
STATUS:CONFIRMED
END:VEVENT
BEGIN:VEVENT
SUMMARY:Easter Sunday
UID:d869e442-0b4d-40c4-b34c-6780afce8c46
DTSTART;VALUE=DATE:20180401
DTEND;VALUE=DATE:20180402
STATUS:CONFIRMED
END:VEVENT
BEGIN:VEVENT
SUMMARY:Ascension Day
UID:db037aff-17bf-430b-b094-52e99879ba4e
DTSTART;VALUE=DATE:20180510
DTEND;VALUE=DATE:20180511
STATUS:CONFIRMED
END:VEVENT
BEGIN:VEVENT
SUMMARY:Pentecost
UID:01fec43b-b371-4f56-97cb-ef454132a74a
DTSTART;VALUE=DATE:20180520
DTEND;VALUE=DATE:20180521
STATUS:CONFIRMED
END:VEVENT
BEGIN:VEVENT
SUMMARY:Trinity Sunday
UID:cc92b242-3a24-471c-b1be-b8918fb8b6de
DTSTART;VALUE=DATE:20180527
DTEND;VALUE=DATE:20180528
STATUS:CONFIRMED
END:VEVENT
BEGIN:VEVENT
SUMMARY:Ash Wednesday
UID:e5d798cf-474f-42c3-83b8-0d1186c2c3ad
DTSTART;VALUE=DATE:20190306
DTEND;VALUE=DATE:20190307
STATUS:CONFIRMED
END:VEVENT
BEGIN:VEVENT
SUMMARY:Palm Sunday
UID:334646f6-5fef-43a9-83bc-d2dd88c9ebe6
DTSTART;VALUE=DATE:20190414
DTEND;VALUE=DATE:20190415
STATUS:CONFIRMED
END:VEVENT
BEGIN:VEVENT
SUMMARY:Good Friday
UID:0a125549-300d-4bd9-af20-3fc28935946e
DTSTART;VALUE=DATE:20190419
DTEND;VALUE=DATE:20190420
STATUS:CONFIRMED
END:VEVENT
BEGIN:VEVENT
SUMMARY:Easter Sunday
UID:135738b2-b8d5-4e65-bf7c-736e22c6b8b1
DTSTART;VALUE=DATE:20190421
DTEND;VALUE=DATE:20190422
STATUS:CONFIRMED
END:VEVENT
BEGIN:VEVENT
SUMMARY:Ascension Day
UID:dddeea06-c165-474c-96aa-6c1b705c6b0a
DTSTART;VALUE=DATE:20190530
DTEND;VALUE=DATE:20190531
STATUS:CONFIRMED
END:VEVENT
BEGIN:VEVENT
SUMMARY:Pentecost
UID:697b8004-261c-4c0b-a15e-06c1af95ab9b
DTSTART;VALUE=DATE:20190609
DTEND;VALUE=DATE:20190610
STATUS:CONFIRMED
END:VEVENT
BEGIN:VEVENT
SUMMARY:Trinity Sunday
UID:006195b6-8021-4814-9635-f9f5bffa7a36
DTSTART;VALUE=DATE:20190616
DTEND;VALUE=DATE:20190617
STATUS:CONFIRMED
END:VEVENT
BEGIN:VEVENT
SUMMARY:Ash Wednesday
UID:9d17488f-12b8-474b-8790-d22e6786735e
DTSTART;VALUE=DATE:20200226
DTEND;VALUE=DATE:20200227
STATUS:CONFIRMED
END:VEVENT
BEGIN:VEVENT
SUMMARY:Palm Sunday
UID:7f9c6e82-610a-4485-b5fd-dde7f0dba4b8
DTSTART;VALUE=DATE:20200405
DTEND;VALUE=DATE:20200406
STATUS:CONFIRMED
END:VEVENT
BEGIN:VEVENT
SUMMARY:Good Friday
UID:50de218e-013d-4739-b8d4-f30f74a57168
DTSTART;VALUE=DATE:20200410
DTEND;VALUE=DATE:20200411
STATUS:CONFIRMED
END:VEVENT
BEGIN:VEVENT
SUMMARY:Easter Sunday
UID:7606494f-0019-46e6-9d47-ab9498569e5a
DTSTART;VALUE=DATE:20200412
DTEND;VALUE=DATE:20200413
STATUS:CONFIRMED
END:VEVENT
BEGIN:VEVENT
SUMMARY:Ascension Day
UID:09a3f71c-83df-4649-b7d1-4792ae2fb523
DTSTART;VALUE=DATE:20200521
DTEND;VALUE=DATE:20200522
STATUS:CONFIRMED
END:VEVENT
BEGIN:VEVENT
SUMMARY:Pentecost
UID:ac723797-16b2-4fd9-9d5e-2f55cc90dc22
DTSTART;VALUE=DATE:20200531
DTEND;VALUE=DATE:20200601
STATUS:CONFIRMED
END:VEVENT
BEGIN:VEVENT
SUMMARY:Trinity Sunday
UID:b60896ca-b1eb-4ec1-a9cd-67c7403c6335
DTSTART;VALUE=DATE:20200607
DTEND;VALUE=DATE:20200608
STATUS:CONFIRMED
END:VEVENT
BEGIN:VEVENT
SUMMARY:New Year's Day
UID:b1f194fc-1dd1-11b2-a973-d219c68b95c4
DTSTART;VALUE=DATE:20000101
DTEND;VALUE=DATE:20000102
STATUS:CONFIRMED
RRULE:FREQ=YEARLY;INTERVAL=1
END:VEVENT
BEGIN:VEVENT
SUMMARY:Groundhog's Day
UID:0c771532-1dd2-11b2-8dd9-8638db3aef63
DTSTART;VALUE=DATE:20000202
DTEND;VALUE=DATE:20000203
STATUS:CONFIRMED
RRULE:FREQ=YEARLY;INTERVAL=1
END:VEVENT
BEGIN:VEVENT
SUMMARY:Abraham Lincoln's Birthday
UID:4d5b843e-1dd2-11b2-a6c9-8ea942124d1b
DTSTART;VALUE=DATE:20000212
DTEND;VALUE=DATE:20000213
STATUS:CONFIRMED
RRULE:FREQ=YEARLY;INTERVAL=1
END:VEVENT
BEGIN:VEVENT
SUMMARY:Valentine's Day
UID:790b86e2-1dd2-11b2-9cb9-c905fa35c6f9
DTSTART;VALUE=DATE:20000214
DTEND;VALUE=DATE:20000215
STATUS:CONFIRMED
RRULE:FREQ=YEARLY;INTERVAL=1
END:VEVENT
BEGIN:VEVENT
SUMMARY:President's Day
UID:9f3df592-1dd1-11b2-8b51-a8c49a575f97
DTSTART;VALUE=DATE:20000221
DTEND;VALUE=DATE:20000222
STATUS:CONFIRMED
RRULE:FREQ=YEARLY;INTERVAL=1
END:VEVENT
BEGIN:VEVENT
SUMMARY:George Washington's Birthday (actual)
UID:aff9f3c8-1dd1-11b2-8593-c63469762eb1
DTSTART;VALUE=DATE:20000222
DTEND;VALUE=DATE:20000223
STATUS:CONFIRMED
RRULE:FREQ=YEARLY;INTERVAL=1
END:VEVENT
BEGIN:VEVENT
SUMMARY:St. Patrick's Day
UID:bd6cfe4c-1dd1-11b2-b3dc-ebaab9302c26
DTSTART;VALUE=DATE:20000317
DTEND;VALUE=DATE:20000318
STATUS:CONFIRMED
RRULE:FREQ=YEARLY;INTERVAL=1
END:VEVENT
BEGIN:VEVENT
SUMMARY:April Fool's Day
UID:c981b858-1dd1-11b2-b69b-94d05f8bda66
DTSTART;VALUE=DATE:20000401
DTEND;VALUE=DATE:20000402
STATUS:CONFIRMED
RRULE:FREQ=YEARLY;INTERVAL=1
END:VEVENT
BEGIN:VEVENT
SUMMARY:Tax Day
UID:e46086c2-1dd1-11b2-8a16-a2c99f1c525a
DTSTART;VALUE=DATE:20000415
DTEND;VALUE=DATE:20000416
STATUS:CONFIRMED
RRULE:FREQ=YEARLY;INTERVAL=1
END:VEVENT
BEGIN:VEVENT
SUMMARY:Earth Day
UID:f1561106-1dd1-11b2-955f-ba14e5210f45
DTSTART;VALUE=DATE:20000422
DTEND;VALUE=DATE:20000423
STATUS:CONFIRMED
RRULE:FREQ=YEARLY;INTERVAL=1
END:VEVENT
BEGIN:VEVENT
SUMMARY:Arbor Day
UID:e20f1b5c-8ac4-4bea-acf4-b4f2bfe95329
DTSTART;VALUE=DATE:20000428
DTEND;VALUE=DATE:20000429
STATUS:CONFIRMED
RRULE:FREQ=YEARLY;INTERVAL=1
END:VEVENT
BEGIN:VEVENT
SUMMARY:National Day of Prayer
UID:a44b8b6e-7ae4-4120-b7ad-14e91691be2a
DTSTART;VALUE=DATE:20000504
DTEND;VALUE=DATE:20000505
STATUS:CONFIRMED
RRULE:FREQ=YEARLY;INTERVAL=1
END:VEVENT
BEGIN:VEVENT
SUMMARY:Mother's Day
UID:e0d4c156-1dd1-11b2-b6a4-dac750e0163e
DTSTART;VALUE=DATE:20000514
DTEND;VALUE=DATE:20000515
STATUS:CONFIRMED
RRULE:FREQ=YEARLY;INTERVAL=1
END:VEVENT
BEGIN:VEVENT
SUMMARY:Armed Forces Day
UID:c2783248-1dd1-11b2-affa-ee50c39d8083
DTSTART;VALUE=DATE:20000520
DTEND;VALUE=DATE:20000521
STATUS:CONFIRMED
RRULE:FREQ=YEARLY;INTERVAL=1
END:VEVENT
BEGIN:VEVENT
SUMMARY:Memorial Day
UID:d9706fa6-1dd1-11b2-a349-e97241bd4740
DTSTART;VALUE=DATE:20000529
DTEND;VALUE=DATE:20000530
STATUS:CONFIRMED
RRULE:FREQ=YEARLY;INTERVAL=1
END:VEVENT
BEGIN:VEVENT
SUMMARY:Flag Day
UID:e8022726-1dd1-11b2-aae6-9f73f16c0f01
DTSTART;VALUE=DATE:20000614
DTEND;VALUE=DATE:20000615
STATUS:CONFIRMED
RRULE:FREQ=YEARLY;INTERVAL=1
END:VEVENT
BEGIN:VEVENT
SUMMARY:Father's Day
UID:cb90487e-1dd1-11b2-9e06-d1a12cc963dc
DTSTART;VALUE=DATE:20000618
DTEND;VALUE=DATE:20000619
STATUS:CONFIRMED
RRULE:FREQ=YEARLY;INTERVAL=1
END:VEVENT
BEGIN:VEVENT
SUMMARY:Independence Day
UID:f669a974-1dd1-11b2-9fac-f44d91c657af
DTSTART;VALUE=DATE:20000704
DTEND;VALUE=DATE:20000705
STATUS:CONFIRMED
RRULE:FREQ=YEARLY;INTERVAL=1
END:VEVENT
BEGIN:VEVENT
SUMMARY:Parents' Day
UID:46e6845c-1dd2-11b2-bd3d-d8755a1a171f
DTSTART;VALUE=DATE:20000723
DTEND;VALUE=DATE:20000724
STATUS:CONFIRMED
RRULE:FREQ=YEARLY;INTERVAL=1
END:VEVENT
BEGIN:VEVENT
SUMMARY:Labor Day
UID:0726ea42-1dd2-11b2-9fe6-dda3d063fb50
DTSTART;VALUE=DATE:20000904
DTEND;VALUE=DATE:20000905
STATUS:CONFIRMED
RRULE:FREQ=YEARLY;INTERVAL=1
END:VEVENT
BEGIN:VEVENT
SUMMARY:Constitution Day\, Citizenship Day
UID:d3c521e1-ffab-414c-8cfa-99e76758d8c8
DTSTART;VALUE=DATE:20000917
DTEND;VALUE=DATE:20000918
STATUS:CONFIRMED
RRULE:FREQ=YEARLY;INTERVAL=1
END:VEVENT
BEGIN:VEVENT
SUMMARY:United Nations Day
UID:8a05b5d3-6b97-4fe1-b26e-b258a073c5e0
DTSTART;VALUE=DATE:20001024
DTEND;VALUE=DATE:20001025
STATUS:CONFIRMED
RRULE:FREQ=YEARLY;INTERVAL=1
END:VEVENT
BEGIN:VEVENT
SUMMARY:Halloween
UID:7d4402f4-1dd2-11b2-9790-b6193cfa4349
DTSTART;VALUE=DATE:20001031
DTEND;VALUE=DATE:20001101
STATUS:CONFIRMED
RRULE:FREQ=YEARLY;INTERVAL=1
END:VEVENT
BEGIN:VEVENT
SUMMARY:Veteran's Day
UID:2c7ba10c-1dd2-11b2-b0b7-96f89f288199
DTSTART;VALUE=DATE:20001111
DTEND;VALUE=DATE:20001112
STATUS:CONFIRMED
RRULE:FREQ=YEARLY;INTERVAL=1
END:VEVENT
BEGIN:VEVENT
SUMMARY:Thanksgiving Day
UID:4299a358-1dd2-11b2-a228-d062222b6f88
DTSTART;VALUE=DATE:20001123
DTEND;VALUE=DATE:20001124
STATUS:CONFIRMED
RRULE:FREQ=YEARLY;INTERVAL=1
END:VEVENT
BEGIN:VEVENT
SUMMARY:Christmas Day
UID:54f392fa-1dd2-11b2-8ecb-9ae0a7fcebd1
DTSTART;VALUE=DATE:20001225
DTEND;VALUE=DATE:20001226
STATUS:CONFIRMED
RRULE:FREQ=YEARLY;INTERVAL=1
END:VEVENT
BEGIN:VEVENT
SUMMARY:New Year's Eve
UID:a2cbca9c-1dd1-11b2-83e2-abab36f0506d
DTSTART;VALUE=DATE:20001231
DTEND;VALUE=DATE:20010101
STATUS:CONFIRMED
RRULE:FREQ=YEARLY;INTERVAL=1
END:VEVENT
BEGIN:VEVENT
SUMMARY:Inauguration Day
UID:088031d1-abea-47ed-978d-39c6319e8bf2
DTSTART;VALUE=DATE:20010120
DTEND;VALUE=DATE:20010121
STATUS:CONFIRMED
RRULE:FREQ=YEARLY;INTERVAL=4
END:VEVENT
BEGIN:VEVENT
SUMMARY:Daylight Saving Time begins
UID:e462881a-20b8-4b70-ab3c-cf38016d3398
DTSTART;VALUE=DATE:20070311
DTEND;VALUE=DATE:20070312
STATUS:CONFIRMED
RRULE:FREQ=YEARLY;INTERVAL=1
END:VEVENT
BEGIN:VEVENT
SUMMARY:Daylight Saving Time ends
UID:13f83ed2-1dd2-11b2-a0de-ee8645423959
DTSTART;VALUE=DATE:20071104
DTEND;VALUE=DATE:20071105
STATUS:CONFIRMED
RRULE:FREQ=YEARLY;INTERVAL=1
END:VEVENT
END:VCALENDAR
