BEGIN:VCALENDAR
BEGIN:VEVENT
SUMMARY:New Year's Day
UID:4694f46a-aef0-49a0-a8eb-44ab6531e0d9
CATEGORIES:Holidays
DTSTART;VALUE=DATE:20100101
DTEND;VALUE=DATE:20100102
STATUS:CONFIRMED
RRULE:FREQ=YEARLY;INTERVAL=1
END:VEVENT
BEGIN:VEVENT
SUMMARY:St. David's Day
UID:a08053d8-530b-4025-8edf-81c88d05fe84
CATEGORIES:Holidays
DTSTART;VALUE=DATE:20100301
DTEND;VALUE=DATE:20100302
STATUS:CONFIRMED
RRULE:FREQ=YEARLY;INTERVAL=1
END:VEVENT
BEGIN:VEVENT
SUMMARY:St. George's Day
UID:b58227e2-7f9d-4571-afa5-0ae93192d10e
CATEGORIES:Holidays
DTSTART;VALUE=DATE:20100423
DTEND;VALUE=DATE:20100424
STATUS:CONFIRMED
RRULE:FREQ=YEARLY;INTERVAL=1
END:VEVENT
BEGIN:VEVENT
SUMMARY:Early May Bank Holiday
UID:21626542-636f-43d7-8fa9-bad05bb82dca
CATEGORIES:Holidays
DTSTART;VALUE=DATE:20100503
DTEND;VALUE=DATE:20100504
STATUS:CONFIRMED
RRULE:FREQ=YEARLY;INTERVAL=1
END:VEVENT
BEGIN:VEVENT
SUMMARY:Summer Bank Holiday
UID:5dac6a63-e519-4ad1-a687-2fd5fccb4656
CATEGORIES:Holidays
DTSTART;VALUE=DATE:20100802
DTEND;VALUE=DATE:20100803
STATUS:CONFIRMED
RRULE:FREQ=YEARLY;INTERVAL=1
END:VEVENT
BEGIN:VEVENT
SUMMARY:Summer Bank Holiday
UID:3d37b115-f0fa-4456-98c9-3b18cfffb47d
CATEGORIES:Holidays
DTSTART;VALUE=DATE:20100830
DTEND;VALUE=DATE:20100831
STATUS:CONFIRMED
RRULE:FREQ=YEARLY;INTERVAL=1
END:VEVENT
BEGIN:VEVENT
SUMMARY:BST ends
UID:8eb163f3-6d42-494e-9e7c-747619cf965f
CATEGORIES:Holidays
DTSTART:20101031T000000Z
DTEND:20101031T020000Z
STATUS:CONFIRMED
RRULE:FREQ=YEARLY;INTERVAL=1
END:VEVENT
BEGIN:VEVENT
SUMMARY:Christmas Day
UID:436a5833-73a8-4b78-87f3-ad0db20b018f
CATEGORIES:Holidays
DTSTART;VALUE=DATE:20101225
DTEND;VALUE=DATE:20101226
STATUS:CONFIRMED
RRULE:FREQ=YEARLY;INTERVAL=1
END:VEVENT
BEGIN:VEVENT
SUMMARY:Boxing Day
UID:07180b7b-fed1-4a59-bff0-619056033b1a
CATEGORIES:Holidays
DTSTART;VALUE=DATE:20101226
DTEND;VALUE=DATE:20101227
STATUS:CONFIRMED
RRULE:FREQ=YEARLY;INTERVAL=1
END:VEVENT
END:VCALENDAR
